	ID	HMDB_ID	standard_metName	metName	Gene_name	Protein_name	Evidence	Annotation
0	1	HMDB0006247	25-Hydroxycholesterol	25-Hydroxycholesterol	ABCA1	Phospholipid-transporting ATPase ABCA1	16611739	Transporter
1	3	HMDB0000517	L-Arginine	Arginine; L-Arginine	SLC7A1	High affinity cationic amino acid transporter 1	33209975; 17325243; 33639836; 23831616; 22144986; 19067360; Recon2	Transporter
2	4	HMDB0000030	Biotin	Biotin	SLC5A6	Sodium-dependent multivitamin transporter	27084392	Transporter
3	5	HMDB0000067	Cholesterol	Cholesterol	CD36	Platelet glycoprotein 4	21763723; 32531545; 16133421; 10383407; 23247049; 15949682; 12145296; 28928671; 29883404; 34584385; 19718657; 29593722; 25174330; 27890613; 32684173; 18311054; 24371122; 21262584; 16959872; 20338238; 25250848; 23099443; 15168018; 16299001; 26828064; 19147991; 10946357; 23880196; 19016618; 23422832; 21474828; 28122883; 30702457; 21272192; 15136056; 18331615; 17464999; 32058595; 18276752; 31988148; 34603769; 17291449; 20170635; 16503643; 10713080; 10625497; 21674150; 26153221; 12488595; 24733016; 29533793; 12547883; 26582580; 31967154; 28634191; 20112301; 19937569; 21181286; 20360851; 33457418; 21217164; 16123174; 24515116; 18402819; 19028791; 27323079; 18305138; 33211179; 21034810; 11718687; 24162852; 18772361; 32308181; 25703059; 22858201; 28555086; 26759003; 28965954; 16517147; 32982800; 15345670; 19436068; 26832365; 21190831; 25855981; 32952497; 19074161	Transporter
4	6	HMDB0000073	Dopamine	Dopamine	SLC6A3	Sodium-dependent dopamine transporter	30967134; 12707943; 27217152; 28924877; 17466074	Transporter
5	7	HMDB0000148	L-Glutamic acid	Glutamate	SLC1A5	Neutral amino acid transporter B(0)	29208682	Transporter
6	8	HMDB0000641	L-Glutamine	L-Glutamine; Glutamine	SLC1A5	Neutral amino acid transporter B(0)	31535081; 30452920; 33953707; 34525179; 27154413; 25683269; 31881361; 28798141; 28507054; 25337245; 23213057; 32438035; 30025811; 33632871; 30935948; 33505538; 32422185; 30470977; 30671766; 25759021; 32747796; 31150647; 34054543; 31668020; 29208682; 32996252; 29542325; 30541099; 30071532; 34075790; 31866442; 26724577; 27055152; 33457003; 29337138; 32021249	Transporter
7	9	HMDB0000641	L-Glutamine	L-Glutamine; Glutamine	SLC38A2	Sodium-coupled neutral amino acid symporter 2	32996252; 25759021; 26724577	Transporter
8	10	HMDB0000641	L-Glutamine	Glutamine	SLC3A2	4F2 cell-surface antigen heavy chain	33953707; 30671766	Transporter
9	11	HMDB0000641	L-Glutamine	Glutamine	SLC7A5	Large neutral amino acids transporter small subunit 1	33953707; 30671766; 26724577; 33505538	Transporter
10	12	HMDB0003276	Hydrogen sulfide	Hydrogen sulfide	CD36	Platelet glycoprotein 4	31262715	Receptor
11	13	HMDB0015531	Iron	Iron	SLC11A2	Natural resistance-associated macrophage protein 2	23506870	Transporter
12	14	HMDB0015531	Iron	Iron	SLC40A1	Solute carrier family 40 member 1	25209728; 30852438; 27667161; 24644245; 21875943; 20675164; 23506870; 21199650; 33787609; 17181986; 14757427; 15338274; 27773819; 23922661; 29212168; 24121729; 28219768; 28978826; 21175851	Transporter
13	15	HMDB0001311	D-Lactic acid	Lactate	SLC16A1	Monocarboxylate transporter 1	32144120; 22428047	Transporter
14	16	HMDB0000687	L-Leucine	Leucine	SLC1A5	Neutral amino acid transporter B(0)	33953707; 30071532; 30470977	Transporter
15	17	HMDB0000687	L-Leucine	Leucine	SLC3A2	4F2 cell-surface antigen heavy chain	33953707	Transporter
16	18	HMDB0000687	L-Leucine	Leucine	SLC7A5	Large neutral amino acids transporter small subunit 1	33953707	Transporter
17	19	HMDB0001429	Phosphate	Phosphate	SLC20A2	Sodium-dependent phosphate transporter 2	30721528	Transporter
18	20	HMDB0000259	Serotonin	Serotonin	SLC6A4	Sodium-dependent serotonin transporter	33868590; 31342534; 16251523; 25012842	Transporter
19	21	HMDB0000235	Thiamine	Thiamine	SLC19A1	Reduced folate transporter	28284395; 32498429	Transporter
20	22	HMDB0000235	Thiamine	Thiamine	SLC19A2	Thiamine transporter 1	28284395; 32498429	Transporter
21	23	HMDB0000338	2-Hydroxyestradiol	2-Hydroxyestradiol	ESR1	Estrogen receptor	27312859	Receptor
22	24	HMDB0006247	25-Hydroxycholesterol	25-Hydroxycholesterol	ESR1	Estrogen receptor	21304949	Receptor
23	25	HMDB0002103	27-Hydroxycholesterol	27-Hydroxycholesterol	ESR1	Estrogen receptor	33408073	Receptor
24	26	HMDB0000022	3-Methoxytyramine	3-Methoxytyramine	TAAR1	Trace amine-associated receptor 1	22483291	Receptor
25	27	HMDB0001149	5-Aminolevulinic acid	5-Aminolevulinic acid	TSPO2	Translocator protein 2	31989647	Transporter
26	28	HMDB0000045	Adenosine monophosphate	AMP	ADORA1	Adenosine receptor A1	32417395	Receptor
27	29	HMDB0000895	Acetylcholine	Acetylcholine	CHRM1	Muscarinic acetylcholine receptor M1	30157420	Receptor
28	30	HMDB0000895	Acetylcholine	Acetylcholine	CHRM2	Muscarinic acetylcholine receptor M2	23743182	Receptor
29	31	HMDB0000895	Acetylcholine	Acetylcholine	CHRM3	Muscarinic acetylcholine receptor M3	30157420	Receptor
30	32	HMDB0000895	Acetylcholine	Acetylcholine	CHRNA1	Acetylcholine receptor subunit alpha	28045942	Receptor
31	33	HMDB0000895	Acetylcholine	Acetylcholine	CHRNA2	Neuronal acetylcholine receptor subunit alpha-2	29785025	Receptor
32	34	HMDB0000895	Acetylcholine	Acetylcholine	CHRNA4	Neuronal acetylcholine receptor subunit alpha-4	15902904	Receptor
33	35	HMDB0000895	Acetylcholine	Acetylcholine	CHRNA7	Neuronal acetylcholine receptor subunit alpha-7	32321403	Receptor
34	36	HMDB0001178	Adenosine diphosphate ribose	Adenosine diphosphate ribose	TRPM2	Transient receptor potential cation channel subfamily M member 2	22493272	Receptor
35	37	HMDB0000050	Adenosine	Adenosine	ADORA1	Adenosine receptor A1	28598776; 23956030; 31675497; 27747290; 28196272; 33067580	Receptor
36	38	HMDB0000050	Adenosine	Adenosine	ADORA2A	Adenosine receptor A2a	34255555; 29298852; 28598776; 23956030; 27747290; 17616786; 19635551	Receptor
37	39	HMDB0000050	Adenosine	Adenosine	ADORA2B	Adenosine receptor A2b	28598776; 23956030; 23540714; 25087184; 27747290; 22504483; 31570448	Receptor
38	40	HMDB0000050	Adenosine	Adenosine	ADORA3	Adenosine receptor A3	23956030; 26194548; 28598776	Receptor
39	41	HMDB0004080	Anandamide	Anandamide	CNR1	Cannabinoid receptor 1	17935697; 26900150	Receptor
40	42	HMDB0004080	Anandamide	Anandamide	CNR2	Cannabinoid receptor 2	26900150; 20133390	Receptor
41	43	HMDB0004080	Anandamide	Anandamide	TRPV1	Transient receptor potential cation channel subfamily V member 1	17935697; 29504066; 22568077; 17704831; 23573230; 17591864; 30243113; 22394688; 19647120; 14517174; 16107881	Receptor
42	44	HMDB0000517	L-Arginine	Arginine	AVPR2	Vasopressin V2 receptor	24706579	Receptor
43	45	HMDB0000067	Cholesterol	Cholesterol	LDLR	Low-density lipoprotein receptor	10974047; 19063703; 26520906; 20090943; 26281596; 32855525; 23221398; 25487149; 24900971; 32220355; 34103960; 16741953; 27247956; 32236613; 25023761; 25394495; 32368969; 14978770; 18162663; 19913121; 28919473; 25403094; 27834848; 24675665; 33757439; 22911757; 29535632; 28762182; 22470048; 23580231; 27735997; 30273964; 31437157; 30566603; 16236385; 33423309; 7600118; 28515357; 24603306; 12213890; 24950000; 10669643; 25231171; 32334376; 23937379; 29988450; 26495026; 28012395; 30195495; 30896554; 9351364; 15523646; 20049331; 15358785; 22962999; 22544571; 25797218; 27442011; 20857860; 30584280; 34347016; 28469073; 17184503; 30508567; 33429337; 26686234; 26548330; 30182437; 9502769; 24518357; 15617508; 23654093; 27050279; 32438039; 20041784; 9249773; 22761797; 29301853; 34461308; 32109664; 27888903; 23431047; 26085104; 28145001; 21645898; 22683120; 23623643; 23599654; 22936343; 23422832; 22761969; 8941642; 26523989; 29931853; 24505463; 19916081; 23883163; 30600305; 31100394; 10333389; 28100270; 19888660; 33606190; 21343340; 11164418; 19632679; 22593575; 25548917; 17344580; 18672372; 17331334; 27175606; 28751953; 19322023; 31332430; 31358055; 21657943; 21559365; 10493153; 31647302; 27438015; 31511396; 33747976; 24851052; 29092018; 31753053; 31299237; 21273557; 28555288; 30744358; 21734060; 26246324; 32964731; 24940994; 9664080; 27401460; 24373748; 20176131; 26068142; 27707816; 17531953; 30332439; 30592221; 18039658; 30385871; 30704067; 27084371; 30876530; 20028367; 15450205; 26921684; 15118091; 28099631; 10395289; 19067122; 28169529; 22580899; 25468703; 27031271; 27763549; 29398429; 31167970; 32860619; 9405278; 27459037; 25889601; 26535009; 30576926; 24837748; 30768966; 31767163; 31815695; 16741291; 15677715; 27435541; 32161285; 11291309; 21153157; 25587205; 26721317; 17351764; 23166513; 15654122; 33515402; 29545368; 24443560; 9747026; 32644974; 24352472; 31913546; 29190549; 20887597; 19060325; 25272851; 27909053; 28063230; 17709443; 16185916; 29982529; 30741106; 30486328; 20197419; 32050453; 24412220; 27564380; 31004037; 29169169; 11397707; 32705598; 24489659; 24987033; 22332058; 20073037; 11387232; 32759540; 34558270; 26204136; 29204218; 27918728; 24930699; 20580938; 15904870; 22494195; 24256518; 25413784; 33977967; 11369802; 18799458; 10488949; 9360938; 19433409; 25675507; 12910492; 15888329; 22059152; 32685494; 25754609; 25811180; 18193043; 28013406; 24770487; 30765502; 34615375; 11983917; 32727844; 18187606; 24472543; 26546829; 18771980; 11181749; 26786161; 21377952; 32918994; 16920108; 26040332; 27769814; 17720268; 11445560; 29321129; 25070550; 26700830; 24993279; 25201834; 23862065; 27378433; 28292942; 25504870; 27350674; 28874442; 17766366; 9360301; 20459026; 27998977	Receptor
44	46	HMDB0000067	Cholesterol	Cholesterol	SCARB1	Scavenger receptor class B member 1	17379624; 24253048; 29772548; 29285103; 24928939; 23510561; 20926582; 32591337; 24334872; 29516118; 18542840; 26754576; 25245032; 18276752; 25504870; 20064494; 29092018; 31753053; 31017097	Receptor
45	47	HMDB0003406	D-Serine	D-Serine	GRIN1	Glutamate receptor ionotropic, NMDA 1	28262924	Receptor
46	48	HMDB0002961	Dihydrotestosterone	Dihydrotestosterone	GLP1R	Glucagon-like peptide 1 receptor	31669915	Receptor
47	49	HMDB0002183	Docosahexaenoic acid	Docosahexaenoic acid	FFAR4	Free fatty acid receptor 4	24005906	Receptor
48	50	HMDB0000073	Dopamine	Dopamine	DRD1	D(1A) dopamine receptor	33017522; 30967134; 12047334; 24909515	Receptor
49	51	HMDB0000073	Dopamine	Dopamine	DRD2	D(2) dopamine receptor	21070510; 10578238; 30967134; 17476365; 15084894; 20975260; 23717492; 17466074; 24772965; 23232665; 26015071; 29466326; 18192895; 19635551; 22876458; 19931559; 11979061; 18366720; 24834916; 23947671; 23266708; 15542698; 29992511; 9129716; 21592505; 10235293; 16403463; 19803686; 11256581; 12497624; 30651332; 24288745	Receptor
50	52	HMDB0000073	Dopamine	Dopamine	DRD3	D(3) dopamine receptor	18366720; 30967134; 12047334; 10578238; 23232665; 29525179; 7914177; 17616385; 17466074; 19931559; 23063408	Receptor
51	53	HMDB0000073	Dopamine	Dopamine	DRD4	D(4) dopamine receptor	18366720; 23717434; 30967134; 15627814; 12624717; 15292670; 16182111; 21615938; 22725835; 22356182; 22575564; 12707943; 27217152; 33868590; 14605948; 17466074; 16930369; 19931559	Receptor
52	54	HMDB0000073	Dopamine	Dopamine	DRD5	D(1B) dopamine receptor	10578238; 12047334	Receptor
53	55	HMDB0000073	Dopamine	Dopamine	TRPV1	Transient receptor potential cation channel subfamily V member 1	24465516	Receptor
54	56	HMDB0001999	Eicosapentaenoic acid	Eicosapentaenoic acid	FFAR4	Free fatty acid receptor 4	27489163	Receptor
55	57	HMDB0000151	Estradiol	Estradiol	ESR1	Estrogen receptor	28490809; 9925803	Receptor
56	58	HMDB0000153	Estriol	Estriol	ESR1	Estrogen receptor	27471150	Receptor
57	59	HMDB0000145	Estrone	Estrone	ESR1	Estrogen receptor	9228655	Receptor
58	60	HMDB0000108	Ethanol	Ethanol	CHRNA5	Neuronal acetylcholine receptor subunit alpha-5	29944862	Transporter
59	61	HMDB0000121	Folic acid	Folic acid	FOLR1	Folate receptor alpha	32581311; Recon2	Transporter
60	62	HMDB0000121	Folic acid	Folic acid	FOLR2	Folate receptor beta	32581311; Recon2	Transporter
61	63	HMDB0000112	gamma-Aminobutyric acid	GABA	GABBR1	Gamma-aminobutyric acid type B receptor subunit 1	17266109; 22253714; 26298628	Receptor
62	64	HMDB0000112	gamma-Aminobutyric acid	GABA; gamma-Aminobutyric acid	GABRG2	Gamma-aminobutyric acid receptor subunit gamma-2	22253714; 27367160; 30695556	Receptor
63	65	HMDB0000148	L-Glutamic acid	Glutamate	GRIA1	Glutamate receptor 1	7957959; 20579352	Receptor
64	66	HMDB0000148	L-Glutamic acid	Glutamate	GRIA2	Glutamate receptor 2	30695556; 19166514; 26047211; 25411160	Receptor
65	67	HMDB0000148	L-Glutamic acid	Glutamate	GRIA3	Glutamate receptor 3	30029590; 32839935	Receptor
66	68	HMDB0000148	L-Glutamic acid	Glutamate	GRIA4	Glutamate receptor 4	30029590; 28646511	Receptor
67	69	HMDB0000148	L-Glutamic acid	Glutamate	GRID1	Glutamate receptor ionotropic, delta-1	32109663	Receptor
68	70	HMDB0000148	L-Glutamic acid	Glutamate	GRID2	Glutamate receptor ionotropic, delta-2	11568633	Receptor
69	71	HMDB0000148	L-Glutamic acid	Glutamate	GRIK2	Glutamate receptor ionotropic, kainate 2	30695556	Receptor
70	72	HMDB0000148	L-Glutamic acid	Glutamate	GRIK4	Glutamate receptor ionotropic, kainate 4	30029590	Receptor
71	73	HMDB0000148	L-Glutamic acid	Glutamate	GRIN3A	Glutamate receptor ionotropic, NMDA 3A	30029590	Receptor
72	74	HMDB0000148	L-Glutamic acid	Glutamate	GRM1	Metabotropic glutamate receptor 1	7957959; 22892214; 33145952	Receptor
73	75	HMDB0000148	L-Glutamic acid	Glutamate	GRM2	Metabotropic glutamate receptor 2	30695556; 25411160; 29113156	Receptor
74	76	HMDB0000148	L-Glutamic acid	Glutamate	GRM3	Metabotropic glutamate receptor 3	32839935	Receptor
75	77	HMDB0000148	L-Glutamic acid	Glutamate	GRM4	Metabotropic glutamate receptor 4	28646511	Receptor
76	78	HMDB0000148	L-Glutamic acid	Glutamate	GRM5	Metabotropic glutamate receptor 5	33053940; 30695556	Receptor
77	79	HMDB0000148	L-Glutamic acid	Glutamate	GRM7	Metabotropic glutamate receptor 7	22138407	Receptor
78	80	HMDB0000148	L-Glutamic acid	Glutamate	GRM8	Metabotropic glutamate receptor 8	26537360; 24392270	Receptor
79	81	HMDB0000148	L-Glutamic acid	Glutamate	TRPV1	Transient receptor potential cation channel subfamily V member 1	23108547; 27157265; 20219639; 21957263; 22394688; 23562495	Receptor
80	82	HMDB0000123	Glycine	Glycine	GRIN1	Glutamate receptor ionotropic, NMDA 1	28262924	Receptor
81	83	HMDB0003178	Heme	Heme	TLR4	Toll-like receptor 4	33374506; 27821769	Receptor
82	84	HMDB0003178	Heme	Heme	TRPV6	Transient receptor potential cation channel subfamily V member 6	27142151	Transporter
83	85	HMDB0000870	Histamine	Histamine	HRH1	Histamine H1 receptor	9512916	Receptor
84	86	HMDB0000870	Histamine	Histamine	HRH2	Histamine H2 receptor	9792230	Receptor
85	87	HMDB0000870	Histamine	Histamine	HRH3	Histamine H3 receptor	8960873	Receptor
86	88	HMDB0000870	Histamine	Histamine	HRH4	Histamine H4 receptor	30414378	Receptor
87	89	HMDB0003125	Hydrogen peroxide	Hydrogen peroxide	TRPM2	Transient receptor potential cation channel subfamily M member 2	22493272	Receptor
88	90	HMDB0015531	Iron	Iron	TFR2	Transferrin receptor protein 2	27013087; 24847265; 20826723; 18565178; 19729324; 11535534; 24055409; 27169626; 11005792; 20593115; 32621410; 17098454; 11673399; 31707638; 27477597; 11358390; 16932966; 27667161; 32054685; 24644245; 20880062; 26608187; 34199599; 20542038; 25635054; 17241880; 17417667; 17181986; 18094142; 24055163; 26029709; 20133002; 19759876; 21150441; 16158226; 17207112; 15521925; 24284962; 15124225; 15317665; 15893030; 21422745; 22460705; 30186425; 16935854; 11027676; 17042772; 12547237; 24556216; 21864651; 34156073; 33323945; 29434729; 17428703; 23582421; 28978826; 30360575; 30034931; 15701302; 12406888	Receptor
89	91	HMDB0015531	Iron	Iron	TFRC	Transferrin receptor protein 1	21326867; 27773819; 22237814; 31401526; 23115478; 24890018; 33393230; 18603562; 25550467; 33693820; 23416069; 30076742; 32672503; 34389031; 34386079	Receptor
90	92	HMDB0000517	L-Arginine	L-Arginine	GPRC6A	G-protein coupled receptor family C group 6 member A	22714012	Receptor
91	93	HMDB0000159	L-Phenylalanine	Phenylalanine; L-Phenylalanine	GPR142	Probable G-protein coupled receptor 142	27322810	Receptor
92	94	HMDB0000929	L-Tryptophan	L-Tryptophan	GPR142	Probable G-protein coupled receptor 142	27322810	Receptor
93	95	HMDB0001311	D-Lactic acid	Lactate	HCAR1	Hydroxycarboxylic acid receptor 1	25881750; 34093243; 30728759; 25425080; 33659884; 26677077	Receptor
94	96	HMDB0001251	Lanosterol	Lanosterol	HRH2	Histamine H2 receptor	29142437	Receptor
95	97	HMDB0000673	Linoleic acid	Linoleic acid	TRPV4	Transient receptor potential cation channel subfamily V member 4	25061872	Receptor
96	98	HMDB0000761	Lithocholic acid	Lithocholic acid	GPBAR1	G-protein coupled bile acid receptor 1	26567894; 29290621; 27765751	Receptor
97	99	HMDB0001389	Melatonin	Melatonin	MTNR1A	Melatonin receptor type 1A	26067916	Receptor
98	100	HMDB0001389	Melatonin	Melatonin	MTNR1B	Melatonin receptor type 1B	28708046; 19651812; 25132852; 25160745; 33220095; 31901302; 29590381; 26440713	Receptor
99	101	HMDB0001403	Prostaglandin D2	Prostaglandin D2	PTGDR	Prostaglandin D2 receptor	34389612	Receptor
100	102	HMDB0001403	Prostaglandin D2	Prostaglandin D2	PTGDR2	Prostaglandin D2 receptor 2	29604141	Receptor
101	103	HMDB0001220	Prostaglandin E2	Prostaglandin E2	PTGER1	Prostaglandin E2 receptor EP1 subtype	17761898	Receptor
102	104	HMDB0001220	Prostaglandin E2	Prostaglandin E2	PTGER2	Prostaglandin E2 receptor EP2 subtype	17761898	Receptor
103	105	HMDB0001220	Prostaglandin E2	Prostaglandin E2	PTGER4	Prostaglandin E2 receptor EP4 subtype	33129574	Receptor
104	106	HMDB0001358	Retinal	Retinal	STRA6	Receptor for retinol uptake STRA6	27830500	Transporter
105	107	HMDB0000244	Riboflavin	Riboflavin	SLC52A1	Solute carrier family 52, riboflavin transporter, member 1	30446350; 29122468	Transporter
106	108	HMDB0000244	Riboflavin	Riboflavin	SLC52A2	Solute carrier family 52, riboflavin transporter, member 2	31500345; 22864630	Transporter
107	109	HMDB0000259	Serotonin	Serotonin	HTR1A	5-hydroxytryptamine receptor 1A	16251523	Receptor
108	110	HMDB0000259	Serotonin	Serotonin	HTR1B	5-hydroxytryptamine receptor 1B	28555718; 29860743; 23964727; 24074042	Receptor
109	111	HMDB0000259	Serotonin	Serotonin	HTR1D	5-hydroxytryptamine receptor 1D	20581837	Receptor
110	112	HMDB0000259	Serotonin	Serotonin	HTR2A	5-hydroxytryptamine receptor 2A	20521326; 32857933; 16251523; 27959337; 27024926; 32615731	Receptor
111	113	HMDB0000259	Serotonin	Serotonin	HTR2B	5-hydroxytryptamine receptor 2B	20581837; 34618686	Receptor
112	114	HMDB0000259	Serotonin	Serotonin	HTR2C	5-hydroxytryptamine receptor 2C	27681143	Receptor
113	115	HMDB0000259	Serotonin	Serotonin	HTR3A	5-hydroxytryptamine receptor 3A	31342534; 30695556	Receptor
114	116	HMDB0000259	Serotonin	Serotonin	HTR3B	5-hydroxytryptamine receptor 3B	23183509	Receptor
115	117	HMDB0000259	Serotonin	Serotonin	HTR4	5-hydroxytryptamine receptor 4	30695556	Receptor
116	118	HMDB0000259	Serotonin	Serotonin	HTR6	5-hydroxytryptamine receptor 6	18256283	Receptor
117	119	HMDB0000259	Serotonin	Serotonin	TRPC6	Short transient receptor potential channel 6	24259679	Receptor
118	120	HMDB0000277	Sphingosine 1-phosphate	Sphingosine 1-phosphate	S1PR1	Sphingosine 1-phosphate receptor 1	24977489; 25197261	Receptor
119	121	HMDB0000277	Sphingosine 1-phosphate	Sphingosine 1-phosphate	S1PR2	Sphingosine 1-phosphate receptor 2	26518876; 25363242; 26669941	Receptor
120	122	HMDB0000277	Sphingosine 1-phosphate	Sphingosine 1-phosphate	S1PR3	Sphingosine 1-phosphate receptor 3	28943478	Receptor
121	123	HMDB0000277	Sphingosine 1-phosphate	Sphingosine 1-phosphate	S1PR5	Sphingosine 1-phosphate receptor 5	24977489	Receptor
122	124	HMDB0000254	Succinic acid	Succinate	SUCNR1	Succinate receptor 1	25352636; 34270263; 33916314; 26808164; 33279412; 34301438; 29894669; 34233171	Receptor
123	125	HMDB0000234	Testosterone	Testosterone	GPRC6A	G-protein coupled receptor family C group 6 member A	26785252; 29468843; 24032653; 24998176; 22374969; 24193547; 25093461; 27673554; 33474566; 28180060; 26440882; 31558901	Receptor
124	126	HMDB0001452	Thromboxane A2	Thromboxane A2	TBXA2R	Thromboxane A2 receptor	9774254	Receptor
125	127	HMDB0000158	L-Tyrosine	Tyrosine	GPR35	G-protein coupled receptor 35	22523636	Receptor
126	128	HMDB0000305	Vitamin A	Vitamin A	STRA6	Receptor for retinol uptake STRA6	21782034; 19112531; 25481334; 22665496; 27830501; 32597569; 21704730; 23591992; 26729422; 31956331; 26373900; Recon2	Transporter
127	129	HMDB0000292	Xanthine	Xanthine	ADORA1	Adenosine receptor A1	31675497	Receptor
128	130	HMDB0000112	gamma-Aminobutyric acid	gamma-Aminobutyric acid	GABBR2	Gamma-aminobutyric acid type B receptor subunit 2	30610899	Receptor
129	131	HMDB0000112	gamma-Aminobutyric acid	gamma-Aminobutyric acid	GABRA1	Gamma-aminobutyric acid receptor subunit alpha-1	30891080	Receptor
130	132	HMDB0000112	gamma-Aminobutyric acid	gamma-Aminobutyric acid	GABRA4	Gamma-aminobutyric acid receptor subunit alpha-4	33594062	Receptor
131	133	HMDB0000112	gamma-Aminobutyric acid	gamma-Aminobutyric acid	GABRB2	Gamma-aminobutyric acid receptor subunit beta-2	33594062	Receptor
132	141	HMDB0000123	Glycine	Glycine	SLC16A10	Monocarboxylate transporter 10	HMDB	Transporter
133	142	HMDB0000097	Choline	Choline	SLC22A1	Solute carrier family 22 member 1	HMDB	Transporter
134	143	HMDB0001256	Spermine	Spermine	SLC22A1	Solute carrier family 22 member 1	HMDB; Recon2	Transporter
135	144	HMDB0001414	Putrescine	Putrescine	SLC22A4	Solute carrier family 22 member 4	HMDB	Transporter
136	145	HMDB0001256	Spermine	Spermine	SLC22A4	Solute carrier family 22 member 4	HMDB	Transporter
137	146	HMDB0000064	Creatine	Creatine	SLC16A12	Monocarboxylate transporter 12	23578822	Transporter
138	148	HMDB0000123	Glycine	Glycine	SLC36A1	Proton-coupled amino acid transporter 1	HMDB	Transporter
139	149	HMDB0000097	Choline	Choline	SLC44A1	Choline transporter-like protein 1	HMDB	Transporter
140	150	HMDB0000097	Choline	Choline	SLC44A2	Choline transporter-like protein 2	HMDB	Transporter
141	151	HMDB0000097	Choline	Choline	SLC44A3	Choline transporter-like protein 3	HMDB	Transporter
142	152	HMDB0000097	Choline	Choline	SLC44A4	Choline transporter-like protein 4	HMDB	Transporter
143	153	HMDB0000097	Choline	Choline	SLC5A7	High affinity choline transporter 1	HMDB	Transporter
144	154	HMDB0000243	Pyruvic acid	Pyruvate	SLC16A11	Monocarboxylate transporter 11	https://www.genecards.org/cgi-bin/carddisp.pl?gene=SLC16A11	Transporter
145	155	HMDB0000243	Pyruvic acid	Pyruvate	SLC16A1	Monocarboxylate transporter 1	31882442	Transporter
146	156	HMDB0000254	Succinic acid	Succinate	SLC13A5	Na(+)/citrate cotransporter	31882442	Transporter
147	157	HMDB0000094	Citric acid	Citrate	SLC13A5	Na(+)/citrate cotransporter	33597751	Transporter
148	158	HMDB0000134	Fumaric acid	Fumarate	SLC13A5	Na(+)/citrate cotransporter	31882442	Transporter
149	159	HMDB0000156	Malic acid	Malate	SLC13A5	Na(+)/citrate cotransporter	31882442	Transporter
150	160	HMDB0000156	Malic acid	Malate	SLC1A3	Excitatory amino acid transporter 1	https://en.wikipedia.org/wiki/Excitatory_amino_acid_transporter_1	Transporter
151	161	HMDB0000187	L-Serine	Serine	SLC7A10	Asc-type amino acid transporter 1	33269112	Transporter
152	162	HMDB0000187	L-Serine	Serine	SLC3A2	4F2 cell-surface antigen heavy chain	33269112	Transporter
153	163	HMDB0000187	L-Serine	Serine	SLC1A4	Neutral amino acid transporter A	33269112	Transporter
154	164	HMDB0000187	L-Serine	Serine	SLC1A5	Neutral amino acid transporter B(0)	33269112	Transporter
155	165	HMDB0000574	L-Cysteine	Cysteine	SLC7A11	Cystine/glutamate transporter	33000412	Transporter
156	166	HMDB0000696	L-Methionine	Methionine	SLC7A5	Large neutral amino acids transporter small subunit 1	32377929	Transporter
157	167	HMDB0000168	L-Asparagine	Asparagine	SLC1A5	Neutral amino acid transporter B(0)	33420487	Transporter
158	168	HMDB0000641	L-Glutamine	Glutamine	SLC6A14	Sodium- and chloride-dependent neutral and basic amino acid transporter B(0+)	26724577	Transporter
159	169	HMDB0000641	L-Glutamine	Glutamine	SLC6A19	Sodium-dependent neutral amino acid transporter B(0)AT1	26724577	Transporter
160	170	HMDB0000641	L-Glutamine	Glutamine	SLC7A6	Y+L amino acid transporter 2	26724577	Transporter
161	171	HMDB0000641	L-Glutamine	Glutamine	SLC7A7	Y+L amino acid transporter 1	26724577	Transporter
162	172	HMDB0000641	L-Glutamine	Glutamine	SLC38A1	Sodium-coupled neutral amino acid symporter 1	26724577	Transporter
163	173	HMDB0000641	L-Glutamine	Glutamine	SLC38A3	Sodium-coupled neutral amino acid transporter 3	26724577	Transporter
164	174	HMDB0000641	L-Glutamine	Glutamine	SLC38A5	Sodium-coupled neutral amino acid transporter 5	26724577	Transporter
165	175	HMDB0000641	L-Glutamine	Glutamine	SLC38A7	Sodium-coupled neutral amino acid transporter 7	26724577	Transporter
166	176	HMDB0000641	L-Glutamine	Glutamine	SLC38A8	Putative sodium-coupled neutral amino acid transporter 8	26724577	Transporter
167	177	HMDB0000112	gamma-Aminobutyric acid	GABA	SLC6A1	Sodium- and chloride-dependent GABA transporter 1	https://en.wikipedia.org/wiki/GABA_transporter	Transporter
168	178	HMDB0000112	gamma-Aminobutyric acid	GABA	SLC6A13	Sodium- and chloride-dependent GABA transporter 2	https://en.wikipedia.org/wiki/GABA_transporter	Transporter
169	179	HMDB0000112	gamma-Aminobutyric acid	GABA	SLC6A11	Sodium- and chloride-dependent GABA transporter 3	https://en.wikipedia.org/wiki/GABA_transporter	Transporter
170	180	HMDB0000112	gamma-Aminobutyric acid	GABA	SLC6A12	Sodium- and chloride-dependent betaine transporter	https://en.wikipedia.org/wiki/GABA_transporter	Transporter
171	181	HMDB0000112	gamma-Aminobutyric acid	GABA	SLC6A8	Sodium- and chloride-dependent creatine transporter 1	https://en.wikipedia.org/wiki/GABA_transporter	Transporter
172	182	HMDB0000112	gamma-Aminobutyric acid	GABA	SLC6A6	Sodium- and chloride-dependent taurine transporter	https://en.wikipedia.org/wiki/GABA_transporter	Transporter
173	183	HMDB0000158	L-Tyrosine	Tyrosine	SLC7A5	Large neutral amino acids transporter small subunit 1	32377929	Transporter
174	184	HMDB0000191	L-Aspartic acid	Aspartate	SLC1A2	Excitatory amino acid transporter 2	31269432	Transporter
175	185	HMDB0000177	L-Histidine	Histidine	SLC7A5	Large neutral amino acids transporter small subunit 1	32377929	Transporter
176	186	HMDB0000159	L-Phenylalanine	Phenylalanine	SLC7A5	Large neutral amino acids transporter small subunit 1	32377929	Transporter
177	187	HMDB0000883	L-Valine	Valine	SLC43A1	Large neutral amino acids transporter small subunit 3	31997805; Recon2	Transporter
178	188	HMDB0000172	L-Isoleucine	Isoleucine	SLC43A1	Large neutral amino acids transporter small subunit 3	31997805; Recon2	Transporter
179	189	HMDB0000687	L-Leucine	Leucine	SLC43A1	Large neutral amino acids transporter small subunit 3	31997805; Recon2	Transporter
180	190	HMDB0000034	Adenine	Adenine	SLC28A3	Solute carrier family 28 member 3	33972798	Transporter
181	191	HMDB0000034	Adenine	Adenine	SLC29A3	Equilibrative nucleoside transporter 3	33972798	Transporter
182	192	HMDB0000034	Adenine	Adenine	SLC35F5	Solute carrier family 35 member F5	33972798	Transporter
183	193	HMDB0000062	L-Carnitine	L-Carnitine	SLC22A5	Organic cation/carnitine transporter 2	Recon2	Transporter
184	194	HMDB0000641	L-Glutamine	L-glutamine	SLC43A1	Large neutral amino acids transporter small subunit 3	Recon2	Transporter
185	195	HMDB0000187	L-Serine	L-serine	SLC43A1	Large neutral amino acids transporter small subunit 3	Recon2	Transporter
186	196	HMDB0000159	L-Phenylalanine	L-phenylalanine	SLC43A2	Large neutral amino acids transporter small subunit 4	Recon2	Transporter
187	197	HMDB0000159	L-Phenylalanine	L-phenylalanine	SLC43A1	Large neutral amino acids transporter small subunit 3	Recon2	Transporter
188	198	HMDB0000159	L-Phenylalanine	L-phenylalanine	SLC16A10	Monocarboxylate transporter 10	Recon2	Transporter
189	199	HMDB0000687	L-Leucine	L-leucine	SLC43A2	Large neutral amino acids transporter small subunit 4	Recon2	Transporter
190	200	HMDB0000574	L-Cysteine	L-cysteine	SLC43A2	Large neutral amino acids transporter small subunit 4	Recon2	Transporter
191	201	HMDB0000696	L-Methionine	L-methionine	SLC43A1	Large neutral amino acids transporter small subunit 3	Recon2	Transporter
192	202	HMDB0000696	L-Methionine	L-methionine	SLC43A2	Large neutral amino acids transporter small subunit 4	Recon2	Transporter
193	203	HMDB0000158	L-Tyrosine	L-tyrosine	SLC16A10	Monocarboxylate transporter 10	Recon2	Transporter
194	204	HMDB0000168	L-Asparagine	L-asparagine	SLC43A1	Large neutral amino acids transporter small subunit 3	Recon2	Transporter
195	205	HMDB0000167	L-Threonine	L-threonine	SLC43A1	Large neutral amino acids transporter small subunit 3	Recon2	Transporter
196	206	HMDB0000883	L-Valine	L-valine	SLC43A2	Large neutral amino acids transporter small subunit 4	Recon2	Transporter
197	207	HMDB0000929	L-Tryptophan	L-tryptophan	SLC36A4	Neutral amino acid uniporter 4	Recon2	Transporter
198	208	HMDB0000929	L-Tryptophan	L-tryptophan	SLC16A10	Monocarboxylate transporter 10	Recon2	Transporter
199	209	HMDB0000172	L-Isoleucine	L-isoleucine	SLC43A2	Large neutral amino acids transporter small subunit 4	Recon2	Transporter
200	210	HMDB0000517	L-Arginine	L-argininium(1+)	SLC38A4	Sodium-coupled neutral amino acid transporter 4	Recon2	Transporter
201	211	HMDB0000517	L-Arginine	L-argininium(1+)	SLC7A2	Cationic amino acid transporter 2	Recon2	Transporter
202	212	HMDB0000517	L-Arginine	L-argininium(1+)	SLC7A3	Cationic amino acid transporter 3	Recon2	Transporter
203	213	HMDB0000177	L-Histidine	L-histidine	SLC38A4	Sodium-coupled neutral amino acid transporter 4	Recon2	Transporter
204	214	HMDB0000182	L-Lysine	L-lysinium(1+)	SLC38A4	Sodium-coupled neutral amino acid transporter 4	Recon2	Transporter
205	215	HMDB0000182	L-Lysine	L-lysinium(1+)	SLC7A2	Cationic amino acid transporter 2	Recon2	Transporter
206	216	HMDB0000182	L-Lysine	L-lysinium(1+)	SLC7A1	High affinity cationic amino acid transporter 1	Recon2	Transporter
207	217	HMDB0000182	L-Lysine	L-lysinium(1+)	SLC7A3	Cationic amino acid transporter 3	Recon2	Transporter
208	218	HMDB0000214	Ornithine	Ornithine	SLC7A2	Cationic amino acid transporter 2	Recon2	Transporter
209	219	HMDB0000214	Ornithine	Ornithine	SLC7A1	High affinity cationic amino acid transporter 1	Recon2	Transporter
210	220	HMDB0000214	Ornithine	Ornithine	SLC7A3	Cationic amino acid transporter 3	Recon2	Transporter
211	221	HMDB0000143	D-Galactose	D-Galactose	SLC2A2	Solute carrier family 2, facilitated glucose transporter member 2	Recon2	Transporter
212	222	HMDB0000143	D-Galactose	D-Galactose	SLC2A3	Solute carrier family 2, facilitated glucose transporter member 3	Recon2	Transporter
213	223	HMDB0000143	D-Galactose	D-Galactose	SLC2A8	Solute carrier family 2, facilitated glucose transporter member 8	Recon2	Transporter
214	224	HMDB0000143	D-Galactose	D-Galactose	SLC2A10	Solute carrier family 2, facilitated glucose transporter member 10	Recon2	Transporter
215	225	HMDB0000143	D-Galactose	D-Galactose	SLC2A1	Solute carrier family 2, facilitated glucose transporter member 1	Recon2	Transporter
216	226	HMDB0001043	Arachidonic acid	arachidonate	SLC27A5	Long-chain fatty acid transport protein 5	Recon2	Transporter
217	227	HMDB0000122	D-Glucose	D-glucose	SLC2A9	Solute carrier family 2, facilitated glucose transporter member 9	Recon2	Transporter
218	228	HMDB0000122	D-Glucose	D-glucose	SLC2A2	Solute carrier family 2, facilitated glucose transporter member 2	Recon2	Transporter
219	229	HMDB0000122	D-Glucose	D-glucose	SLC2A6	Solute carrier family 2, facilitated glucose transporter member 6	Recon2	Transporter
220	230	HMDB0000122	D-Glucose	D-glucose	SLC2A3	Solute carrier family 2, facilitated glucose transporter member 3	Recon2	Transporter
221	231	HMDB0000122	D-Glucose	D-glucose	SLC2A4	Solute carrier family 2, facilitated glucose transporter member 4	Recon2	Transporter
222	232	HMDB0000122	D-Glucose	D-glucose	SLC2A8	Solute carrier family 2, facilitated glucose transporter member 8	Recon2	Transporter
223	233	HMDB0000122	D-Glucose	D-glucose	SLC2A7	Solute carrier family 2, facilitated glucose transporter member 7	Recon2	Transporter
224	234	HMDB0000122	D-Glucose	D-glucose	SLC2A12	Solute carrier family 2, facilitated glucose transporter member 12	Recon2	Transporter
225	235	HMDB0000122	D-Glucose	D-glucose	SLC2A10	Solute carrier family 2, facilitated glucose transporter member 10	Recon2	Transporter
226	236	HMDB0000122	D-Glucose	D-glucose	SLC2A1	Solute carrier family 2, facilitated glucose transporter member 1	Recon2	Transporter
227	237	HMDB0001264	Dehydroascorbic acid	dehydroascorbide(1-)	SLC2A4	Solute carrier family 2, facilitated glucose transporter member 4	Recon2	Transporter
228	238	HMDB0001264	Dehydroascorbic acid	dehydroascorbide(1-)	SLC2A3	Solute carrier family 2, facilitated glucose transporter member 3	Recon2	Transporter
229	239	HMDB0001264	Dehydroascorbic acid	dehydroascorbide(1-)	SLC2A1	Solute carrier family 2, facilitated glucose transporter member 1	Recon2	Transporter
230	240	HMDB0000073	Dopamine	dopaminium(1+)	SLC22A3	Solute carrier family 22 member 3	Recon2	Transporter
231	241	HMDB0000073	Dopamine	dopaminium(1+)	SLC22A2	Solute carrier family 22 member 2	Recon2	Transporter
232	242	HMDB0000073	Dopamine	dopaminium(1+)	SLC22A5	Organic cation/carnitine transporter 2	Recon2	Transporter
233	243	HMDB0000169	D-Mannose	D-Mannose	SLC2A2	Solute carrier family 2, facilitated glucose transporter member 2	Recon2	Transporter
234	244	HMDB0000169	D-Mannose	D-Mannose	SLC2A3	Solute carrier family 2, facilitated glucose transporter member 3	Recon2	Transporter
235	245	HMDB0000169	D-Mannose	D-Mannose	SLC2A1	Solute carrier family 2, facilitated glucose transporter member 1	Recon2	Transporter
236	246	HMDB0000050	Adenosine	Adenosine	SLC29A2	Equilibrative nucleoside transporter 2	Recon2	Transporter
237	247	HMDB0000050	Adenosine	Adenosine	SLC29A1	Equilibrative nucleoside transporter 1	Recon2	Transporter
238	248	HMDB0000216	Norepinephrine	Norepinephrine	SLC22A1	Solute carrier family 22 member 1	Recon2	Transporter
239	249	HMDB0000216	Norepinephrine	Norepinephrine	SLC22A2	Solute carrier family 22 member 2	Recon2	Transporter
240	250	HMDB0000216	Norepinephrine	Norepinephrine	SLC22A3	Solute carrier family 22 member 3	Recon2	Transporter
241	251	HMDB0000097	Choline	Choline	SLC22A2	Solute carrier family 22 member 2	Recon2	Transporter
242	252	HMDB0000097	Choline	Choline	SLC22A5	Organic cation/carnitine transporter 2	Recon2	Transporter
243	253	HMDB0000259	Serotonin	serotonin(1+)	SLC22A1	Solute carrier family 22 member 1	Recon2	Transporter
244	254	HMDB0000259	Serotonin	serotonin(1+)	SLC22A2	Solute carrier family 22 member 2	Recon2	Transporter
245	255	HMDB0000660	D-Fructose	D-Fructose	SLC2A2	Solute carrier family 2, facilitated glucose transporter member 2	Recon2	Transporter
246	256	HMDB0000660	D-Fructose	D-Fructose	SLC2A7	Solute carrier family 2, facilitated glucose transporter member 7	Recon2	Transporter
247	257	HMDB0000660	D-Fructose	D-Fructose	SLC2A8	Solute carrier family 2, facilitated glucose transporter member 8	Recon2	Transporter
248	258	HMDB0000660	D-Fructose	D-Fructose	SLC2A5	Solute carrier family 2, facilitated glucose transporter member 5	Recon2	Transporter
249	259	HMDB0001220	Prostaglandin E2	prostaglandin E2(1-)	SLC22A1	Solute carrier family 22 member 1	Recon2	Transporter
250	260	HMDB0001220	Prostaglandin E2	prostaglandin E2(1-)	SLC22A2	Solute carrier family 22 member 2	Recon2	Transporter
251	261	HMDB0000296	Uridine	Uridine	SLC29A2	Equilibrative nucleoside transporter 2	Recon2	Transporter
252	262	HMDB0000296	Uridine	Uridine	SLC29A1	Equilibrative nucleoside transporter 1	Recon2	Transporter
253	263	HMDB0000220	Palmitic acid	Hexadecanoate (n-C16:0)	SLC27A5	Long-chain fatty acid transport protein 5	Recon2	Transporter
254	264	HMDB0000305	Vitamin A	retinol	RBP1	Retinol-binding protein 1	Recon2	Transporter
255	265	HMDB0000305	Vitamin A	retinol	RBP4	Retinol-binding protein 4	Recon2	Transporter
256	266	HMDB0000305	Vitamin A	retinol	RBP2	Retinol-binding protein 2	Recon2	Transporter
257	267	HMDB0000195	Inosine	Inosine	SLC29A2	Equilibrative nucleoside transporter 2	Recon2	Transporter
258	268	HMDB0000195	Inosine	Inosine	SLC29A1	Equilibrative nucleoside transporter 1	Recon2	Transporter
259	269	HMDB0000089	Cytidine	Cytidine	SLC29A2	Equilibrative nucleoside transporter 2	Recon2	Transporter
260	270	HMDB0000089	Cytidine	Cytidine	SLC29A1	Equilibrative nucleoside transporter 1	Recon2	Transporter
261	271	HMDB0000207	Oleic acid	octadecenoate (n-C18:1)	SLC27A5	Long-chain fatty acid transport protein 5	Recon2	Transporter
262	272	HMDB0000870	Histamine	histamium	SLC22A3	Solute carrier family 22 member 3	Recon2	Transporter
263	273	HMDB0000870	Histamine	histamium	SLC22A2	Solute carrier family 22 member 2	Recon2	Transporter
264	274	HMDB0000870	Histamine	histamium	SLC22A5	Organic cation/carnitine transporter 2	Recon2	Transporter
265	275	HMDB0000265	Liothyronine	3,3',5-triiodo-L-thyronine	SLC16A2	Monocarboxylate transporter 8	Recon2	Transporter
266	276	HMDB0003550	Calcidiol	calcidiol	CUBN	Cubilin	Recon2	Transporter
267	277	HMDB0003550	Calcidiol	calcidiol	LRP2	Low-density lipoprotein receptor-related protein 2	Recon2	Transporter
268	278	HMDB0003550	Calcidiol	calcidiol	GC	Vitamin D-binding protein	Recon2	Transporter
269	279	HMDB0000181	L-Dopa	L-dopa	SLC16A10	Monocarboxylate transporter 10	Recon2	Transporter
270	280	HMDB0001396	5-Methyltetrahydrofolic acid	5-Methyltetrahydrofolate	FOLR1	Folate receptor alpha	Recon2	Transporter
271	281	HMDB0000895	Acetylcholine	acetylcholine	SLC22A1	Solute carrier family 22 member 1	Recon2	Transporter
272	282	HMDB0000012	Deoxyuridine	Deoxyuridine	SLC29A2	Equilibrative nucleoside transporter 2	Recon2	Transporter
273	283	HMDB0000133	Guanosine	Guanosine	SLC29A2	Equilibrative nucleoside transporter 2	Recon2	Transporter
274	284	HMDB0000133	Guanosine	Guanosine	SLC29A1	Equilibrative nucleoside transporter 1	Recon2	Transporter
275	285	HMDB0000157	Hypoxanthine	Hypoxanthine	SLC29A2	Equilibrative nucleoside transporter 2	Recon2	Transporter
276	286	HMDB0000248	Thyroxine	L-thyroxine	SLC16A2	Monocarboxylate transporter 8	Recon2	Transporter
277	287	HMDB0000273	Thymidine	Thymidine	SLC29A2	Equilibrative nucleoside transporter 2	Recon2	Transporter
278	288	HMDB0000273	Thymidine	Thymidine	SLC29A1	Equilibrative nucleoside transporter 1	Recon2	Transporter
279	289	HMDB0001139	Prostaglandin F2a	prostaglandin F2alpha(1-)	SLC22A1	Solute carrier family 22 member 1	Recon2	Transporter
280	290	HMDB0001139	Prostaglandin F2a	prostaglandin F2alpha(1-)	SLC22A2	Solute carrier family 22 member 2	Recon2	Transporter
281	291	HMDB0000673	Linoleic acid	linoleate	SLC27A5	Long-chain fatty acid transport protein 5	Recon2	Transporter
282	292	HMDB0000034	Adenine	Adenine	SLC29A2	Equilibrative nucleoside transporter 2	Recon2	Transporter
283	293	HMDB0000300	Uracil	uracil	SLC29A2	Equilibrative nucleoside transporter 2	Recon2	Transporter
284	294	HMDB0000101	Deoxyadenosine	2-deoxyadenosine	SLC29A2	Equilibrative nucleoside transporter 2	Recon2	Transporter
285	295	HMDB0000085	Deoxyguanosine	Deoxyguanosine	SLC29A2	Equilibrative nucleoside transporter 2	Recon2	Transporter
286	296	HMDB0000163	D-Maltose	Maltose	SLC2A3	Solute carrier family 2, facilitated glucose transporter member 3	Recon2	Transporter
287	297	HMDB0000876	Vitamin D3	calciol	GOT2	Aspartate aminotransferase, mitochondrial	Recon2	Transporter
288	298	HMDB0000876	Vitamin D3	calciol	CD36	Platelet glycoprotein 4	Recon2	Transporter
289	299	HMDB0000294	Urea	Urea	SLC5A1	Sodium/glucose cotransporter 1	Recon2	Transporter
290	300	HMDB0000294	Urea	Urea	SLC14A2	Urea transporter 2	Recon2	Transporter
291	301	HMDB0000294	Urea	Urea	SLC5A5	Sodium/iodide cotransporter	Recon2	Transporter
292	302	HMDB0000294	Urea	Urea	SLC14A1	Urea transporter 1	Recon2	Transporter
293	303	HMDB0000071	Deoxyinosine	Deoxyinosine	SLC29A2	Equilibrative nucleoside transporter 2	Recon2	Transporter
294	304	HMDB0000014	Deoxycytidine	Deoxycytidine	SLC29A2	Equilibrative nucleoside transporter 2	Recon2	Transporter
295	305	HMDB0002925	Dihomo-gamma-linolenic acid	dihomo-gamma-linolenic acid (n-6)	SLC27A5	Long-chain fatty acid transport protein 5	Recon2	Transporter
296	306	HMDB0000262	Thymine	Thymine	SLC29A2	Equilibrative nucleoside transporter 2	Recon2	Transporter
297	307	HMDB0000806	Myristic acid	tetradecanoate (n-C14:0)	SLC27A2	Long-chain fatty acid transport protein 2	Recon2	Transporter
298	308	HMDB0000827	Stearic acid	octadecanoate (n-C18:0)	SLC27A5	Long-chain fatty acid transport protein 5	Recon2	Transporter
299	309	HMDB0003073	gamma-Linolenic acid	gamma-linolenate	SLC27A5	Long-chain fatty acid transport protein 5	Recon2	Transporter
300	310	HMDB0001388	alpha-Linolenic acid	alpha-linolenate	SLC27A5	Long-chain fatty acid transport protein 5	Recon2	Transporter
301	311	HMDB0000132	Guanine	Guanine	SLC29A2	Equilibrative nucleoside transporter 2	Recon2	Transporter
302	312	HMDB0001514	Glucosamine	D-Glucosamine	SLC2A2	Solute carrier family 2, facilitated glucose transporter member 2	Recon2	Transporter
303	313	HMDB0001514	Glucosamine	D-Glucosamine	SLC2A4	Solute carrier family 2, facilitated glucose transporter member 4	Recon2	Transporter
304	314	HMDB0001514	Glucosamine	D-Glucosamine	SLC2A1	Solute carrier family 2, facilitated glucose transporter member 1	Recon2	Transporter
305	315	HMDB0003178	Heme	Protoheme	SLC46A1	Proton-coupled folate transporter	Recon2	Transporter
306	316	HMDB0003178	Heme	Protoheme	LRP1	Prolow-density lipoprotein receptor-related protein 1	Recon2	Transporter
307	317	HMDB0001178	Adenosine diphosphate ribose	ADPribose	CD38	ADP-ribosyl cyclase/cyclic ADP-ribose hydrolase 1	Recon2	Transporter
308	318	HMDB0000190	L-Lactic acid	L-Lactic acid	HCAR1	Hydroxycarboxylic acid receptor 1	30728759, 31259764	Receptor
309	319	HMDB0015531	Iron	Iron	TFR1		24847265	Receptor
310	320	HMDB0000538	Adenosine triphosphate	ATP	P2RX1	P2X purinoceptor 1	24335194	Receptor
311	321	HMDB0000538	Adenosine triphosphate	ATP	P2RX2	P2X purinoceptor 2	24335194	Receptor
312	322	HMDB0000538	Adenosine triphosphate	ATP	P2RX3	P2X purinoceptor 3	24335194	Receptor
313	323	HMDB0000538	Adenosine triphosphate	ATP	P2RX4	P2X purinoceptor 4	24335194	Receptor
314	324	HMDB0000538	Adenosine triphosphate	ATP	P2RX5	P2X purinoceptor 5	24335194	Receptor
315	325	HMDB0000538	Adenosine triphosphate	ATP	P2RX6	P2X purinoceptor 6	24335194	Receptor
316	326	HMDB0000538	Adenosine triphosphate	ATP	P2RX7	P2X purinoceptor 7	24335194	Receptor
317	327	HMDB0001341	ADP	ADP	P2RY1	P2Y purinoceptor 1	24335194	Receptor
318	328	HMDB0000538	Adenosine triphosphate	ATP	P2RY1	P2Y purinoceptor 1	24335194	Receptor
319	329	HMDB0000538	Adenosine triphosphate	ATP	P2RY2	P2Y purinoceptor 2	24335194	Receptor
320	330	HMDB0000285	Uridine triphosphate	UTP	P2RY2	P2Y purinoceptor 2	24335194	Receptor
321	331	HMDB0000285	Uridine triphosphate	UTP	P2RY4	P2Y purinoceptor 4	24335194	Receptor
322	332	HMDB0000538	Adenosine triphosphate	Adenosine triphosphate	P2RY4	P2Y purinoceptor 4	24335194	Receptor
323	333	HMDB0000285	Uridine triphosphate	UTP	P2RY6	P2Y purinoceptor 6	24335194	Receptor
324	334	HMDB0000538	Adenosine triphosphate	Adenosine triphosphate	P2RY6	P2Y purinoceptor 6	24335194	Receptor
325	335	HMDB0000538	Adenosine triphosphate	Adenosine triphosphate	P2RY11	P2Y purinoceptor 11	24335194	Receptor
326	336	HMDB0000285	Uridine triphosphate	UTP	P2RY11	P2Y purinoceptor 11	24335194	Receptor
327	337	HMDB0001341	ADP	ADP	P2RY12	P2Y purinoceptor 12	24335194	Receptor
328	338	HMDB0000538	Adenosine triphosphate	Adenosine triphosphate	P2RY12	P2Y purinoceptor 12	24335194	Receptor
329	339	HMDB0001341	ADP	ADP	P2RY13	P2Y purinoceptor 13	24335194	Receptor
330	340	HMDB0000538	Adenosine triphosphate	Adenosine triphosphate	P2RY13	P2Y purinoceptor 13	24335194	Receptor
331	341	HMDB0000286	Uridine diphosphate glucose	Uridine diphosphate glucose	P2RY14	P2Y purinoceptor 14	24335194	Receptor
332	342	HMDB0000067	Cholesterol	Cholesterol	NPC1L1	NPC1-like intracellular cholesterol transporter 1	21763723	Receptor
333	343	HMDB0002961	Dihydrotestosterone	Dihydrotestosterone	AR	Androgen receptor	https://en.wikipedia.org/wiki/Androgen_receptor	Nuclear Receptor
334	344	HMDB0000234	Testosterone	Testosterone	AR	Androgen receptor	https://en.wikipedia.org/wiki/Androgen_receptor	Nuclear Receptor
335	345	HMDB0000131	Glycerol	Glycerol	AQP3	Aquaporin-3	32213983	Receptor
336	346	HMDB0000043	Betaine	Betaine	SLC6A12	Sodium- and chloride-dependent betaine transporter	32213983	Transporter
337	347	HMDB0000895	Acetylcholine	Acetylcholine	CHRM4	Muscarinic acetylcholine receptor M4	https://gpcrdb.org/ligand/statistics	Receptor
338	348	HMDB0000895	Acetylcholine	Acetylcholine	CHRM5	Muscarinic acetylcholine receptor M5	https://gpcrdb.org/ligand/statistics	Receptor
339	349	HMDB0000208	Oxoglutaric acid	Oxoglutaric acid	OXGR1	2-oxoglutarate receptor 1	https://gpcrdb.org/ligand/statistics	Receptor
340	350	HMDB0000248	Thyroxine	Thyroxine	THRA	Thyroid hormone receptor alpha	https://en.wikipedia.org/wiki/Nuclear_receptor#Ligands	Nuclear Receptor
341	351	HMDB0000248	Thyroxine	Thyroxine	THRB	Thyroid hormone receptor beta	https://en.wikipedia.org/wiki/Nuclear_receptor#Ligands	Nuclear Receptor
342	352	HMDB0000305	Vitamin A	Vitamin A	RARA	Retinoic acid receptor alpha	https://en.wikipedia.org/wiki/Nuclear_receptor#Ligands	Nuclear Receptor
343	353	HMDB0001358	Retinal	Retinal	RARA	Retinoic acid receptor alpha	https://en.wikipedia.org/wiki/Nuclear_receptor#Ligands	Nuclear Receptor
344	354	HMDB0000561	beta-Carotene	beta-Carotene	RARA	Retinoic acid receptor alpha	https://en.wikipedia.org/wiki/Nuclear_receptor#Ligands	Nuclear Receptor
345	355	HMDB0000305	Vitamin A	Vitamin A	RARB	Retinoic acid receptor beta	https://en.wikipedia.org/wiki/Nuclear_receptor#Ligands	Nuclear Receptor
346	356	HMDB0001358	Retinal	Retinal	RARB	Retinoic acid receptor beta	https://en.wikipedia.org/wiki/Nuclear_receptor#Ligands	Nuclear Receptor
347	357	HMDB0000561	beta-Carotene	beta-Carotene	RARB	Retinoic acid receptor beta	https://en.wikipedia.org/wiki/Nuclear_receptor#Ligands	Nuclear Receptor
348	358	HMDB0000305	Vitamin A	Vitamin A	RARG	Retinoic acid receptor gamma	https://en.wikipedia.org/wiki/Nuclear_receptor#Ligands	Nuclear Receptor
349	359	HMDB0001358	Retinal	Retinal	RARG	Retinoic acid receptor gamma	https://en.wikipedia.org/wiki/Nuclear_receptor#Ligands	Nuclear Receptor
350	360	HMDB0000561	beta-Carotene	beta-Carotene	RARG	Retinoic acid receptor gamma	https://en.wikipedia.org/wiki/Nuclear_receptor#Ligands	Nuclear Receptor
351	361	HMDB0003178	Heme	Heme	NR1D1	Nuclear receptor subfamily 1 group D member 1	https://en.wikipedia.org/wiki/Nuclear_receptor#Ligands	Nuclear Receptor
352	362	HMDB0003178	Heme	Heme	NR1D2	Nuclear receptor subfamily 1 group D member 2	https://en.wikipedia.org/wiki/Nuclear_receptor#Ligands	Nuclear Receptor
353	363	HMDB0000067	Cholesterol	Cholesterol	RORA	Nuclear receptor ROR-alpha	https://en.wikipedia.org/wiki/Nuclear_receptor#Ligands	Nuclear Receptor
354	364	HMDB0000067	Cholesterol	Cholesterol	RORB	Nuclear receptor ROR-beta	https://en.wikipedia.org/wiki/Nuclear_receptor#Ligands	Nuclear Receptor
355	365	HMDB0000067	Cholesterol	Cholesterol	RORC	Nuclear receptor ROR-gamma	https://en.wikipedia.org/wiki/Nuclear_receptor#Ligands	Nuclear Receptor
356	366	HMDB0000876	Vitamin D3	Vitamin D3	VDR	Vitamin D3 receptor	https://en.wikipedia.org/wiki/Nuclear_receptor#Ligands	Nuclear Receptor
357	367	HMDB0001358	Retinal	Retinal	RXRA	Retinoic acid receptor RXR-alpha	https://en.wikipedia.org/wiki/Nuclear_receptor#Ligands	Nuclear Receptor
358	368	HMDB0001852	all-trans-Retinoic acid	all-trans-Retinoic acid	RXRA	Retinoic acid receptor RXR-alpha	https://en.wikipedia.org/wiki/Nuclear_receptor#Ligands	Nuclear Receptor
359	369	HMDB0002369	9-cis-Retinoic acid	9-cis-Retinoic acid	RXRA	Retinoic acid receptor RXR-alpha	https://en.wikipedia.org/wiki/Nuclear_receptor#Ligands	Nuclear Receptor
360	370	HMDB0006219	13-cis-Retinoic acid	13-cis-Retinoic acid	RXRA	Retinoic acid receptor RXR-alpha	https://en.wikipedia.org/wiki/Nuclear_receptor#Ligands	Nuclear Receptor
361	371	HMDB0001358	Retinal	Retinal	RXRB	Retinoic acid receptor RXR-beta	https://en.wikipedia.org/wiki/Nuclear_receptor#Ligands	Nuclear Receptor
362	372	HMDB0001852	all-trans-Retinoic acid	all-trans-Retinoic acid	RXRB	Retinoic acid receptor RXR-beta	https://en.wikipedia.org/wiki/Nuclear_receptor#Ligands	Nuclear Receptor
363	373	HMDB0002369	9-cis-Retinoic acid	9-cis-Retinoic acid	RXRB	Retinoic acid receptor RXR-beta	https://en.wikipedia.org/wiki/Nuclear_receptor#Ligands	Nuclear Receptor
364	374	HMDB0006219	13-cis-Retinoic acid	13-cis-Retinoic acid	RXRB	Retinoic acid receptor RXR-beta	https://en.wikipedia.org/wiki/Nuclear_receptor#Ligands	Nuclear Receptor
365	375	HMDB0001358	Retinal	Retinal	RXRG	Retinoic acid receptor RXR-gamma	https://en.wikipedia.org/wiki/Nuclear_receptor#Ligands	Nuclear Receptor
366	376	HMDB0001852	all-trans-Retinoic acid	all-trans-Retinoic acid	RXRG	Retinoic acid receptor RXR-gamma	https://en.wikipedia.org/wiki/Nuclear_receptor#Ligands	Nuclear Receptor
367	377	HMDB0002369	9-cis-Retinoic acid	9-cis-Retinoic acid	RXRG	Retinoic acid receptor RXR-gamma	https://en.wikipedia.org/wiki/Nuclear_receptor#Ligands	Nuclear Receptor
368	378	HMDB0006219	13-cis-Retinoic acid	13-cis-Retinoic acid	RXRG	Retinoic acid receptor RXR-gamma	https://en.wikipedia.org/wiki/Nuclear_receptor#Ligands	Nuclear Receptor
369	379	HMDB0006216	11-cis-Retinol	11-cis-Retinol	NR2F2	COUP transcription factor 2	https://en.wikipedia.org/wiki/Nuclear_receptor#Ligands	Nuclear Receptor
370	380	HMDB0000063	Cortisol	Cortisol	NR3C1	Glucocorticoid receptor	https://en.wikipedia.org/wiki/Nuclear_receptor#Ligands	Nuclear Receptor
371	381	HMDB0000037	Aldosterone	Aldosterone	NR3C2	Mineralocorticoid receptor	https://en.wikipedia.org/wiki/Nuclear_receptor#Ligands	Nuclear Receptor
372	382	HMDB0001830	Progesterone	Progesterone	PGR	Progesterone receptor	https://en.wikipedia.org/wiki/Nuclear_receptor#Ligands	Nuclear Receptor
373	383	HMDB0002369	9-cis-Retinoic acid	9-cis-Retinoic acid	VDR	Vitamin D3 receptor	15824121	Nuclear Receptor
374	384	HMDB0000053	Androstenedione	Androstenedione	AR	Androgen receptor	16524719; 28457967; 12647261; 20534728; 24861263; 23856005; 18645714; 23258647	Nuclear Receptor
375	385	HMDB0000031	Androsterone	Androsterone	AR	Androgen receptor	21303972; 24861263; 12647261	Nuclear Receptor
376	386	HMDB0003550	Calcidiol	Calcidiol	VDR	Vitamin D3 receptor	25201891; 33348854	Nuclear Receptor
377	387	HMDB0001903	Calcitriol	Calcitriol	VDR	Vitamin D3 receptor	29657326; 15077124; 20303786; 28008815; 9211344; 8574944; 9211349; 19667157; 16061850; 10079704; 17629157; 15225804; 21337382; 19371337; 21647319; 16048257; 29367669; 22276021; 29113124; 24597598; 27530414; 12899526; 9144338; 20798257; 12465754; 18290711; 33348854; 33354999; 26000306; 15861036; 12753260; 10633458; 16886687; 17489022; 19034868; 19705334; 25614680; 33211721; 22213328; 8147918; 24060611; 7552094; 20592360; 22720752	Nuclear Receptor
378	389	HMDB0000151	Estradiol	Estradiol	ESR2	Estrogen receptor beta	25765287; 20173016	Nuclear Receptor
379	390	HMDB0000761	Lithocholic acid	Lithocholic acid	VDR	Vitamin D3 receptor	32863311; 24343899; 20888898; 20006981; 29074825; 19244278; 18180267; 15489543; 19581390; 32213983; 14525957; 16724925; 15824121	Nuclear Receptor
380	391	HMDB0000216	Norepinephrine	Norepinephrine	ADRA1A	Alpha-1A adrenergic receptor	https://en.wikipedia.org/wiki/Adrenergic_receptor	Receptor
381	392	HMDB0000068	Epinephrine	Epinephrine	ADRA1A	Alpha-1A adrenergic receptor	https://en.wikipedia.org/wiki/Adrenergic_receptor	Receptor
382	393	HMDB0000216	Norepinephrine	Norepinephrine	ADRA1B	Alpha-1B adrenergic receptor	https://en.wikipedia.org/wiki/Adrenergic_receptor	Receptor
383	394	HMDB0000068	Epinephrine	Epinephrine	ADRA1B	Alpha-1B adrenergic receptor	https://en.wikipedia.org/wiki/Adrenergic_receptor	Receptor
384	395	HMDB0000216	Norepinephrine	Norepinephrine	ADRA1D	Alpha-1D adrenergic receptor	https://en.wikipedia.org/wiki/Adrenergic_receptor	Receptor
385	396	HMDB0000068	Epinephrine	Epinephrine	ADRA1D	Alpha-1D adrenergic receptor	https://en.wikipedia.org/wiki/Adrenergic_receptor	Receptor
386	397	HMDB0000216	Norepinephrine	Norepinephrine	ADRA2A	Alpha-2A adrenergic receptor	https://en.wikipedia.org/wiki/Adrenergic_receptor	Receptor
387	398	HMDB0000068	Epinephrine	Epinephrine	ADRA2A	Alpha-2A adrenergic receptor	https://en.wikipedia.org/wiki/Adrenergic_receptor	Receptor
388	399	HMDB0000216	Norepinephrine	Norepinephrine	ADRA2B	Alpha-2B adrenergic receptor	https://en.wikipedia.org/wiki/Adrenergic_receptor	Receptor
389	400	HMDB0000068	Epinephrine	Epinephrine	ADRA2B	Alpha-2B adrenergic receptor	https://en.wikipedia.org/wiki/Adrenergic_receptor	Receptor
390	401	HMDB0000216	Norepinephrine	Norepinephrine	ADRA2C	Alpha-2C adrenergic receptor	https://en.wikipedia.org/wiki/Adrenergic_receptor	Receptor
391	402	HMDB0000068	Epinephrine	Epinephrine	ADRA2C	Alpha-2C adrenergic receptor	https://en.wikipedia.org/wiki/Adrenergic_receptor	Receptor
392	403	HMDB0000216	Norepinephrine	Norepinephrine	ADRB1	Beta-1 adrenergic receptor	https://en.wikipedia.org/wiki/Adrenergic_receptor	Receptor
393	404	HMDB0000068	Epinephrine	Epinephrine	ADRB1	Beta-1 adrenergic receptor	https://en.wikipedia.org/wiki/Adrenergic_receptor	Receptor
394	405	HMDB0000216	Norepinephrine	Norepinephrine	ADRB2	Beta-2 adrenergic receptor	https://en.wikipedia.org/wiki/Adrenergic_receptor	Receptor
395	406	HMDB0000068	Epinephrine	Epinephrine	ADRB2	Beta-2 adrenergic receptor	https://en.wikipedia.org/wiki/Adrenergic_receptor	Receptor
396	407	HMDB0000216	Norepinephrine	Norepinephrine	ADRB3	Beta-3 adrenergic receptor	https://en.wikipedia.org/wiki/Adrenergic_receptor	Receptor
397	408	HMDB0000068	Epinephrine	Epinephrine	ADRB3	Beta-3 adrenergic receptor	https://en.wikipedia.org/wiki/Adrenergic_receptor	Receptor
398	409	HMDB0001852	all-trans-Retinoic acid	all-trans-Retinoic acid	RARA	Retinoic acid receptor alpha	20615454	Nuclear Receptor
399	410	HMDB0001085	Leukotriene B4	Leukotriene B4	PPARA	Peroxisome proliferator-activated receptor alpha	20615454	Nuclear Receptor
400	411	HMDB0001547	Corticosterone	Corticosterone	NR3C1	Glucocorticoid receptor	20615454	Nuclear Receptor
401	412	HMDB0000518	Chenodeoxycholic acid	Chenodeoxycholic acid	NR1H4	Bile acid receptor	20615454	Nuclear Receptor
402	413	HMDB0006247	25-Hydroxycholesterol	25-Hydroxycholesterol	NR1H3	Oxysterols receptor LXR-alpha	20615454	Nuclear Receptor
403	414	HMDB0000121	Folic acid	Folic acid	SLC19A1	Reduced folate transporter	28284395	Transporter
404	415	HMDB0000235	Thiamine	Thiamine	SLC19A3	Thiamine transporter 2	28284395	Transporter
405	416	HMDB0000190	L-Lactic acid	Lactate	SLC16A1	Monocarboxylate transporter 1	32144120; 22428047	Transporter
406	417	HMDB0000077	Dehydroepiandrosterone	Dehydroepiandrosterone	AR	Androgen receptor	21303972; 24861263; 12647261	Nuclear Receptor
407	418	HMDB0000586	Potassium	Potassium	ABCC8	ATP-binding cassette sub-family C member 8	https://en.wikipedia.org/wiki/ABCC8; 23226049; 24399968; 22050960; 24700710	Transporter
408	420	HMDB0006111	12-HETE	12-HETE	GPR31	12-(S)-hydroxy-5,8,10,14-eicosatetraenoic acid receptor	32918516	Receptor
409	421	HMDB0000757	Glycogen	Glycogen	STBD1	Starch-binding domain-containing protein 1	20810658; 21893048; 32927708; 24837458	Receptor
410	423	HMDB0000715	Kynurenic acid	Kynurenic acid	GPR35	G-protein coupled receptor 35	22523636; 23123095; 30141532; 29414686; 16754668	Receptor
411	424	HMDB0004385	Lipoxin A4	Lipoxin A4	ESR1	Estrogen receptor	24587003	Receptor
412	425	HMDB0000588	Sodium	Sodium	SLC5A1	Sodium/glucose cotransporter 1	Recon2	Transporter
413	426	HMDB0000588	Sodium	Sodium	SLC5A5	Sodium/iodide cotransporter	Recon2	Transporter
414	427	HMDB0000588	Sodium	Sodium	SLC5A3	Sodium/myo-inositol cotransporter	Recon2	Transporter
415	428	HMDB0000719	L-Homoserine	L-homoserine	SLC43A1	Large neutral amino acids transporter small subunit 3	Recon2	Transporter
416	429	HMDB0000492	Chloride ion	Chloride	SLC17A1	Sodium-dependent phosphate transport protein 1	Recon2	Transporter
417	430	HMDB0003229	Palmitoleic acid	Hexadecenoate (n-C16:1)	SLC27A2	Long-chain fatty acid transport protein 2	Recon2	Transporter
418	431	HMDB0012238	Iodide	iodide	SLC5A8	Sodium-coupled monocarboxylate transporter 1	Recon2	Transporter
419	432	HMDB0002003	Tetracosanoic acid	lignocerate	SLC27A2	Long-chain fatty acid transport protein 2	Recon2	Transporter
420	433	HMDB0001893	alpha-Tocopherol	(+)-alpha-tocopherol	SCARB1	Scavenger receptor class B member 1	Recon2	Transporter
421	434	HMDB0001893	alpha-Tocopherol	(+)-alpha-tocopherol	NPC1L1	NPC1-like intracellular cholesterol transporter 1	Recon2	Transporter
422	435	HMDB0000573	Elaidic acid	elaidate	SLC27A2	Long-chain fatty acid transport protein 2	Recon2	Transporter
423	436	HMDB0002086	Adenosylcobalamin	Adenosylcobalamin	CUBN	Cubilin	Recon2	Transporter
424	437	HMDB0002086	Adenosylcobalamin	Adenosylcobalamin	AMN	Protein amnionless [Cleaved into: Soluble protein amnionless]	Recon2	Transporter
425	438	HMDB0000630	Cytosine	cytosine	SLC29A2	Equilibrative nucleoside transporter 2	Recon2	Transporter
426	439	HMDB0006543	Debrisoquine	debrisoquine	SLC22A2	Solute carrier family 22 member 2	Recon2	Transporter
427	440	HMDB0011733	Glycyl-glycine	Glycyl-glycine	SLC15A1	Solute carrier family 15 member 1	Recon2	Transporter
428	441	HMDB0000295	Uridine 5'-diphosphate	Uridine 5'-diphosphate	P2RY6	P2Y purinoceptor 6	24335194	Receptor
429	442	HMDB0000801	Phytanic acid	Phytanic acid	PPARA	Peroxisome proliferator-activated receptor alpha	11923221	Nuclear Receptor
430	443	HMDB0000801	Phytanic acid	Phytanic acid	PPARG	Peroxisome proliferator-activated receptor gamma	11923221	Nuclear Receptor
431	444	HMDB0005079	15-Deoxy-d-12,14-PGJ2	15-Deoxy-d-12,14-PGJ2	PPARG	Peroxisome proliferator-activated receptor gamma	20615454	Nuclear Receptor
